Run,PSO_D10,ABC_D10,FA_D10,CS_D10,GA_D10,HC_D10,PSO_D30,ABC_D30,FA_D30,CS_D30,GA_D30,HC_D30
1,20.835283579061496,10.977494924783272,80.6617632262004,69.64179457954907,1.2676466671888278,75.80937194896434,176.45635083216357,83.05374642972919,368.9822787671697,318.66587971311355,48.19309308725937,469.75612167315353
2,25.651589878475832,8.134941992375417,87.75369870142254,60.884194205344976,3.5130133659228306,122.6748724842224,151.25162573209272,93.15905354507433,377.5650479701109,317.5366163641442,61.970386927186325,405.19794065006226
3,11.77298400791365,12.135153762622096,74.13819607762784,58.81791882829333,5.564270833207587,90.41133553984182,156.99141947218726,109.23218341336255,382.3557717135479,351.2415448930257,43.53728316843268,384.9947153548286
4,12.999492713272303,7.632020165308418,86.5990721741787,64.46805053168839,4.875556445794217,133.61679005151476,165.42128828370502,102.68772127421451,375.3829690162461,299.65606100060893,38.92850161839135,415.7304379305956
5,15.94427080806301,6.139396660533592,69.50626784112876,88.0263012651415,2.071886566701636,115.56136274016622,173.1278100487261,124.95665152113963,362.74798876184724,369.50744918263536,37.34813133903191,432.18537494438294
